####################################
# SETUP
####################################
CREATE DATABASE statements_digest;
USE statements_digest;
CREATE TABLE t1(a int);
CREATE TABLE t2(a int);
CREATE TABLE t3(a int, b int);
CREATE TABLE t4(a int, b int);
CREATE TABLE t5(a int, b int, c int);
CREATE TABLE t6(a int, b int, c int, d int);
CREATE TABLE t11 (c CHAR(4));
CREATE TABLE t12 (c CHAR(4));
SELECT * FROM performance_schema.setup_consumers;
NAME	ENABLED
events_stages_current	YES
events_stages_history	YES
events_stages_history_long	YES
events_statements_current	NO
events_statements_history	YES
events_statements_history_long	YES
events_transactions_current	YES
events_transactions_history	YES
events_transactions_history_long	YES
events_waits_current	YES
events_waits_history	YES
events_waits_history_long	YES
global_instrumentation	YES
thread_instrumentation	YES
statements_digest	YES
TRUNCATE TABLE performance_schema.events_statements_summary_by_digest;
####################################
# EXECUTION
####################################
SELECT 1 FROM t1;
1
SELECT 1 FROM `t1`;
1
SELECT 1,2 FROM t1;
1	2
SELECT 1, 2, 3, 4 FROM t1;
1	2	3	4
SELECT 1 FROM t2;
1
SELECT 1,2 FROM t2;
1	2
SELECT 1, 2, 3, 4 FROM t2;
1	2	3	4
INSERT INTO t1 VALUES (1);
INSERT INTO t2 VALUES (1);
INSERT INTO t3 VALUES (1, 2);
INSERT INTO t4 VALUES (1, 2);
INSERT INTO t5 VALUES (1, 2, 3);
INSERT INTO t1 VALUES (1), (2), (3);
INSERT INTO t1 VALUES (1), (2), (3), (4);
INSERT INTO t3 VALUES (1, 2), (3, 4), (5, 6);
INSERT INTO t5 VALUES (1, 2, 3), (4, 5, 6), (7, 8, 9);
INSERT INTO t1 VALUES (NULL);
INSERT INTO t3 VALUES (NULL,NULL);
INSERT INTO t3 VALUES (1,NULL);
INSERT INTO t3 VALUES (NULL,1);
INSERT INTO t6 VALUES (NULL, NULL, NULL, NULL);
INSERT INTO t6 VALUES (1, NULL, NULL, NULL);
INSERT INTO t6 VALUES (NULL, 2, NULL, NULL);
INSERT INTO t6 VALUES (1, 2, 3, NULL);
INSERT INTO t6 VALUES (1, 2, NULL, 4);
SELECT                                          1           +        1;
1           +        1
2
SELECT 1;
1
1
SELECT 1 /* This is an inline comment */ + 1;
1 /* This is an inline comment */ + 1
2
SELECT 1+
/*
this is a
multiple-line comment
*/
1;
1+
/*
this is a
multiple-line comment
*/
1
2
CREATE SCHEMA statements_digest_temp;
DROP SCHEMA statements_digest_temp;
CREATE DATABASE statements_digest_temp;
DROP DATABASE statements_digest_temp;
SELECT 1 FROM no_such_table;
ERROR 42S02: Table 'statements_digest.no_such_table' doesn't exist
CREATE TABLE dup_table (c char(4));
CREATE TABLE dup_table (c char(4));
ERROR 42S01: Table 'dup_table' already exists
DROP TABLE dup_table;
INSERT IGNORE INTO t11 VALUES("MySQL");
Warnings:
Warning	1265	Data truncated for column 'c' at row 1
PREPARE stmt FROM "SELECT * FROM t12";
EXECUTE stmt;
c
EXECUTE stmt;
c
DEALLOCATE PREPARE stmt;
CREATE PROCEDURE p1() BEGIN SELECT * FROM t12; END//
CALL p1();
c
CALL p1();
c
DROP PROCEDURE p1;
CREATE FUNCTION `func`(a INT, b INT) RETURNS int(11) RETURN a+b //
select func(3,4);
func(3,4)
7
select func(13,42);
func(13,42)
55
DROP FUNCTION func;
CREATE TRIGGER trg BEFORE INSERT ON t12 FOR EACH ROW SET @a:=1;
INSERT INTO t12 VALUES ("abc");
INSERT INTO t12 VALUES ("def");
DROP TRIGGER trg;
####################################
# QUERYING PS STATEMENT DIGEST
####################################
SELECT schema_name, digest, digest_text, count_star FROM performance_schema.events_statements_summary_by_digest;
schema_name	digest	digest_text	count_star
statements_digest	ba173679f111a93235f68a30c98098f7	TRUNCATE TABLE `performance_schema` . `events_statements_summary_by_digest` 	1
statements_digest	26cf6a4f709139af5ff42ced176d477d	SELECT ? FROM `t1` 	2
statements_digest	1d72316a30723b6aec31fa03224c675f	SELECT ?, ... FROM `t1` 	2
statements_digest	580d4caef3d67a31b169eeb21e5feadb	SELECT ? FROM `t2` 	1
statements_digest	fda6783f9ea0f9f2e210d4c31b9d94c4	SELECT ?, ... FROM `t2` 	2
statements_digest	4aa5ebc907a5ff604054a855bea28635	INSERT INTO `t1` VALUES (?) 	2
statements_digest	f965daa7ddaaae4781d5c2930472ef52	INSERT INTO `t2` VALUES (?) 	1
statements_digest	f154ad7b8b3e0ded67ad3bec2064305b	INSERT INTO `t3` VALUES (...) 	4
statements_digest	0df478e3228e32696732e130f748a2f3	INSERT INTO `t4` VALUES (...) 	1
statements_digest	52af08a4f2af1fdd44586f8d8105543e	INSERT INTO `t5` VALUES (...) 	1
statements_digest	63058756daa7524141356e697db29cba	INSERT INTO `t1` VALUES (?) /* , ... */ 	2
statements_digest	11a9827d61ddb4062be8618c03191013	INSERT INTO `t3` VALUES (...) /* , ... */ 	1
statements_digest	9bfe6ab7881ac88b675481b0a6df9a8e	INSERT INTO `t5` VALUES (...) /* , ... */ 	1
statements_digest	4cc1fbb9a9a464d1b3db2686551fba63	INSERT INTO `t6` VALUES (...) 	5
statements_digest	701e810c51dbe27b16f8e11badfa4505	SELECT ? + ? 	3
statements_digest	f0bb8f3c623c9a4374df2404750d7d03	SELECT ? 	1
statements_digest	f7bd8efb5f449373035a53b7073c1e89	CREATE SCHEMA `statements_digest_temp` 	2
statements_digest	cd9a542f0b4d6b43b19e3208fece72c5	DROP SCHEMA `statements_digest_temp` 	2
statements_digest	15ecdd401d0642ec6d9ad2b32f2447e0	SELECT ? FROM `no_such_table` 	1
statements_digest	06ba494e005a9632b31b13f0f3df641d	CREATE TABLE `dup_table` ( `c` CHARACTER (?) ) 	2
statements_digest	4718d69d170832382b60292f9a281e8f	DROP TABLE `dup_table` 	1
statements_digest	0ed0e6f7b19de9ad88f9977ac6be6835	INSERT IGNORE INTO `t11` VALUES (?) 	1
statements_digest	e4c64055c3e397ec1046c7b64b7a2902	SHOW WARNINGS 	1
statements_digest	bf7dbb66845d1fb1557bf3d9188c784b	PREPARE `stmt` FROM ? 	1
statements_digest	75f196a1ef406fdfc5cee5c03c532bdf	EXECUTE `stmt` 	2
statements_digest	8b6975b5400e42bb377b62bada2d37ab	DEALLOCATE PREPARE `stmt` 	1
statements_digest	015155245bb26b605cec9166ecf96fef	CREATE PROCEDURE `p1` ( ) BEGIN SELECT * FROM `t12` ; END 	1
statements_digest	d21002e6ddf8c58533f9d2b7930c1225	CALL `p1` ( ) 	2
statements_digest	04d517d70d27a34d08e6de33194b9e10	DROP PROCEDURE `p1` 	1
statements_digest	f610b93d4cd6772be5cde2dc2a75dad3	CREATE FUNCTION `func` ( `a` INTEGER , `b` INTEGER ) RETURNS INTEGER (?) RETURN `a` + `b` 	1
statements_digest	c9612adfba4a354d648700d251bca1a6	SELECT `func` (...) 	2
statements_digest	c73cce09ee03bbcf55d5a03f53490ad7	DROP FUNCTION `func` 	1
statements_digest	9187c828bddf4adc5e5e24d5c80974f9	CREATE TRIGGER `trg` BEFORE INSERT ON `t12` FOR EACH ROW SET @? := ? 	1
statements_digest	f363a204c873d80b93a31f186a9dd901	INSERT INTO `t12` VALUES (?) 	2
statements_digest	8ca9e2dd95558f6c973a73885c0196f2	DROP TRIGGER `trg` 	1
SELECT digest, digest_text FROM performance_schema.events_statements_current;
digest	digest_text
####################################
# CLEANUP
####################################
DROP TABLE IF EXISTS t1;
DROP TABLE IF EXISTS t2;
DROP TABLE IF EXISTS t3;
DROP TABLE IF EXISTS t4;
DROP TABLE IF EXISTS t5;
DROP TABLE IF EXISTS t6;
DROP TABLE IF EXISTS t11;
DROP TABLE IF EXISTS t12;
DROP DATABASE IF EXISTS statements_digest;
