MYSQL_TMP_DIR/bootstrap.log
# Stop DB server which was created by MTR default
# Run the bootstrap command with page size 32k
# Start the DB server with page size 32k
SET innodb_strict_mode=ON;
SELECT @@innodb_page_size;
@@innodb_page_size
32768
SELECT @@innodb_file_format;
@@innodb_file_format
Barracuda
SELECT @@Innodb_file_per_table;
@@Innodb_file_per_table
1
CREATE TABLE tab5(col1 CHAR (255), col2 CHAR (255), col3 CHAR(255),col4 CHAR(255), col5 CHAR(255),
col6   CHAR(255), col7 CHAR(255),  col8 CHAR(255), col9 CHAR(255),col10 CHAR(255), col11  CHAR(255),
col12 CHAR(255), col13 CHAR(255),col14 CHAR(255),col15 CHAR(255),col16  CHAR(255), col17 CHAR(255),
col18 CHAR(255),col19 CHAR(255),col20 CHAR(255),col21 CHAR(255),col22  CHAR(255), col23 CHAR(255),
col24 CHAR(255),col25 CHAR(255),col26 CHAR(255),col27 CHAR(255),col28  CHAR(255), col29 CHAR(255),
col30 CHAR(255),col31 CHAR(255),col32 CHAR(255),col33 CHAR(255),col34  CHAR(255), col35 CHAR(255),
col36 CHAR(255),col37 CHAR(255),col38 CHAR(255),col39 CHAR(255),col40  CHAR(255), col41 CHAR(255),
col42 CHAR(255),col43 CHAR(255),col44 CHAR(255),col45 CHAR(255),col46  CHAR(255), col47 CHAR(255),
col48 CHAR(255),col49 CHAR(255),col50 CHAR(255),col51 CHAR(255),col52  CHAR(255), col53 CHAR(255),
col54 CHAR(255),col55 CHAR(255),col56 CHAR(255),col57 CHAR(255),col58  CHAR(255), col59 CHAR(255),
col60 CHAR(255),col61 CHAR(255),col62 CHAR(255),col63 CHAR(255),col64  CHAR(255), col65  CHAR(255))
ENGINE = innodb ROW_FORMAT= COMPACT;
ERROR 42000: Row size too large (> 16318). Changing some columns to TEXT or BLOB or using ROW_FORMAT=DYNAMIC or ROW_FORMAT=COMPRESSED may help. In current row format, BLOB prefix of 768 bytes is stored inline.
CREATE TABLE tab5(col1 CHAR (255), col2 CHAR (255), col3 CHAR(255),col4 CHAR(255), col5 CHAR(255),
col6   CHAR(255), col7 CHAR(255),  col8 CHAR(255), col9 CHAR(255),col10 CHAR(255), col11  CHAR(255),
col12 CHAR(255), col13 CHAR(255),col14 CHAR(255),col15 CHAR(255),col16  CHAR(255), col17 CHAR(255),
col18 CHAR(255),col19 CHAR(255),col20 CHAR(255),col21 CHAR(255),col22  CHAR(255), col23 CHAR(255),
col24 CHAR(255),col25 CHAR(255),col26 CHAR(255),col27 CHAR(255),col28  CHAR(255), col29 CHAR(255),
col30 CHAR(255),col31 CHAR(255),col32 CHAR(255),col33 CHAR(255),col34  CHAR(255), col35 CHAR(255),
col36 CHAR(255),col37 CHAR(255),col38 CHAR(255),col39 CHAR(255),col40  CHAR(255), col41 CHAR(255),
col42 CHAR(255),col43 CHAR(255),col44 CHAR(255),col45 CHAR(255),col46  CHAR(255), col47 CHAR(255),
col48 CHAR(255),col49 CHAR(255),col50 CHAR(255),col51 CHAR(255),col52  CHAR(255), col53 CHAR(255),
col54 CHAR(255),col55 CHAR(255),col56 CHAR(255),col57 CHAR(255),col58  CHAR(255), col59 CHAR(255),
col60 CHAR(255),col61 CHAR(255),col62 CHAR(255),col63 CHAR(255),col64  CHAR(255), col65  CHAR(255))
ENGINE = innodb ROW_FORMAT= DYNAMIC;
ERROR 42000: Row size too large (> 16318). Changing some columns to TEXT or BLOB may help. In current row format, BLOB prefix of 0 bytes is stored inline.
SELECT @@innodb_file_per_table;
@@innodb_file_per_table
1
CREATE TABLE tab5(col1 CHAR (255), col2 CHAR (255), col3 CHAR(255),col4 CHAR(255), col5 CHAR(255),
col6   CHAR(255), col7 CHAR(255),  col8 CHAR(255), col9 CHAR(255),col10 CHAR(255), col11  CHAR(255),
col12 CHAR(255), col13 CHAR(255),col14 CHAR(255),col15 CHAR(255),col16  CHAR(255), col17 CHAR(255),
col18 CHAR(255),col19 CHAR(255),col20 CHAR(255),col21 CHAR(255),col22  CHAR(255), col23 CHAR(255),
col24 CHAR(255),col25 CHAR(255),col26 CHAR(255),col27 CHAR(255),col28  CHAR(255), col29 CHAR(255),
col30 CHAR(255),col31 CHAR(255),col32 CHAR(255),col33 CHAR(255),col34  CHAR(255), col35 CHAR(255),
col36 CHAR(255),col37 CHAR(255),col38 CHAR(255),col39 CHAR(255),col40  CHAR(255), col41 CHAR(255),
col42 CHAR(255),col43 CHAR(255),col44 CHAR(255),col45 CHAR(255),col46  CHAR(255), col47 CHAR(255),
col48 CHAR(255),col49 CHAR(255),col50 CHAR(255),col51 CHAR(255),col52  CHAR(255), col53 CHAR(255),
col54 CHAR(255),col55 CHAR(255),col56 CHAR(255),col57 CHAR(255),col58  CHAR(255), col59 CHAR(255),
col60 CHAR(255),col61 CHAR(255),col62 CHAR(255),col63 CHAR(255),col64  CHAR(255), col65  CHAR(255))
ENGINE = innodb ROW_FORMAT=COMPRESSED;
ERROR HY000: Table storage engine for 'tab5' doesn't have this option
CREATE TABLE tab5(col1 CHAR (255), col2 CHAR (255), col3 CHAR(255),col4 CHAR(255), col5 CHAR(255),
col6   CHAR(255), col7 CHAR(255),  col8 CHAR(255), col9 CHAR(255),col10 CHAR(255), col11  CHAR(255),
col12 CHAR(255), col13 CHAR(255),col14 CHAR(255),col15 CHAR(255),col16  CHAR(255), col17 CHAR(255),
col18 CHAR(255),col19 CHAR(255),col20 CHAR(255),col21 CHAR(255),col22  CHAR(255), col23 CHAR(255),
col24 CHAR(255),col25 CHAR(255),col26 CHAR(255),col27 CHAR(255),col28  CHAR(255), col29 CHAR(255),
col30 CHAR(255),col31 CHAR(255),col32 CHAR(255),col33 CHAR(255),col34  CHAR(255), col35 CHAR(255),
col36 CHAR(255),col37 CHAR(255),col38 CHAR(255),col39 CHAR(255),col40  CHAR(255), col41 CHAR(255),
col42 CHAR(255),col43 CHAR(255),col44 CHAR(255),col45 CHAR(255),col46  CHAR(255), col47 CHAR(255),
col48 CHAR(255),col49 CHAR(255),col50 CHAR(255),col51 CHAR(255),col52  CHAR(255), col53 CHAR(255),
col54 CHAR(255),col55 CHAR(255),col56 CHAR(255),col57 CHAR(255),col58  CHAR(255), col59 CHAR(255),
col60 CHAR(255),col61 CHAR(255),col62 CHAR(255),col63 CHAR(255),col64  CHAR(255), col65  CHAR(255))
ENGINE = innodb ROW_FORMAT=REDUNDANT;
ERROR 42000: Row size too large (> 16315). Changing some columns to TEXT or BLOB or using ROW_FORMAT=DYNAMIC or ROW_FORMAT=COMPRESSED may help. In current row format, BLOB prefix of 768 bytes is stored inline.
CREATE TABLE tab5(col1 CHAR (255), col2 CHAR (255), col3 CHAR(255),col4 CHAR(255), col5 CHAR(255),
col6   CHAR(255), col7 CHAR(255),  col8 CHAR(255), col9 CHAR(255),col10 CHAR(255), col11  CHAR(255),
col12 CHAR(255), col13 CHAR(255),col14 CHAR(255),col15 CHAR(255),col16  CHAR(255), col17 CHAR(255),
col18 CHAR(255),col19 CHAR(255),col20 CHAR(255),col21 CHAR(255),col22  CHAR(255), col23 CHAR(255),
col24 CHAR(255),col25 CHAR(255),col26 CHAR(255),col27 CHAR(255),col28  CHAR(255), col29 CHAR(255),
col30 CHAR(255),col31 CHAR(255),col32 CHAR(255),col33 CHAR(255),col34  CHAR(255), col35 CHAR(255),
col36 CHAR(255),col37 CHAR(255),col38 CHAR(255),col39 CHAR(255),col40  CHAR(255), col41 CHAR(255),
col42 CHAR(255),col43 CHAR(255),col44 CHAR(255),col45 CHAR(255),col46  CHAR(255), col47 CHAR(255),
col48 CHAR(255),col49 CHAR(255),col50 CHAR(255),col51 CHAR(255),col52  CHAR(255), col53 CHAR(255),
col54 CHAR(255),col55 CHAR(255),col56 CHAR(255),col57 CHAR(255),col58  CHAR(255), col59 CHAR(255),
col60 CHAR(255),col61 CHAR(255),col62 CHAR(255),col63 CHAR(255),col64  CHAR(255), col65  CHAR(255))
ENGINE = innodb ROW_FORMAT=FIXED;
ERROR HY000: Table storage engine for 'tab5' doesn't have this option
SET innodb_strict_mode=OFF;
SET GLOBAL innodb_file_format='Antelope';
Warnings:
Warning	131	Using innodb_file_format is deprecated and the parameter may be removed in future releases. See http://dev.mysql.com/doc/refman/5.7/en/innodb-file-format.html
SELECT @@innodb_file_format;
@@innodb_file_format
Antelope
CREATE TABLE tab5(col1 CHAR (255), col2 CHAR (255), col3 CHAR(255),col4 CHAR(255), col5 CHAR(255),
col6   CHAR(255), col7 CHAR(255),  col8 CHAR(255), col9 CHAR(255),col10 CHAR(255), col11  CHAR(255),
col12 CHAR(255), col13 CHAR(255),col14 CHAR(255),col15 CHAR(255),col16  CHAR(255), col17 CHAR(255),
col18 CHAR(255),col19 CHAR(255),col20 CHAR(255),col21 CHAR(255),col22  CHAR(255), col23 CHAR(255),
col24 CHAR(255),col25 CHAR(255),col26 CHAR(255),col27 CHAR(255),col28  CHAR(255), col29 CHAR(255),
col30 CHAR(255),col31 CHAR(255),col32 CHAR(255),col33 CHAR(255),col34  CHAR(255), col35 CHAR(255),
col36 CHAR(255),col37 CHAR(255),col38 CHAR(255),col39 CHAR(255),col40  CHAR(255), col41 CHAR(255),
col42 CHAR(255),col43 CHAR(255),col44 CHAR(255),col45 CHAR(255),col46  CHAR(255), col47 CHAR(255),
col48 CHAR(255),col49 CHAR(255),col50 CHAR(255),col51 CHAR(255),col52  CHAR(255), col53 CHAR(255),
col54 CHAR(255),col55 CHAR(255),col56 CHAR(255),col57 CHAR(255),col58  CHAR(255), col59 CHAR(255),
col60 CHAR(255),col61 CHAR(255),col62 CHAR(255),col63 CHAR(255),col64  CHAR(255), col65  CHAR(255))
ENGINE = innodb ROW_FORMAT=COMPACT;
Warnings:
Warning	139	Row size too large (> NNNN). Changing some columns to TEXT or BLOB or using ROW_FORMAT=DYNAMIC or ROW_FORMAT=COMPRESSED may help. In current row format, BLOB prefix of 768 bytes is stored inline.
DROP TABLE tab5;
SET GLOBAL innodb_file_format='Barracuda';
Warnings:
Warning	131	Using innodb_file_format is deprecated and the parameter may be removed in future releases. See http://dev.mysql.com/doc/refman/5.7/en/innodb-file-format.html
SELECT @@innodb_file_format;
@@innodb_file_format
Barracuda
CREATE TABLE tab5(col1 CHAR (255), col2 CHAR (255), col3 CHAR(255),col4 CHAR(255), col5 CHAR(255),
col6   CHAR(255), col7 CHAR(255),  col8 CHAR(255), col9 CHAR(255),col10 CHAR(255), col11  CHAR(255),
col12 CHAR(255), col13 CHAR(255),col14 CHAR(255),col15 CHAR(255),col16  CHAR(255), col17 CHAR(255),
col18 CHAR(255),col19 CHAR(255),col20 CHAR(255),col21 CHAR(255),col22  CHAR(255), col23 CHAR(255),
col24 CHAR(255),col25 CHAR(255),col26 CHAR(255),col27 CHAR(255),col28  CHAR(255), col29 CHAR(255),
col30 CHAR(255),col31 CHAR(255),col32 CHAR(255),col33 CHAR(255),col34  CHAR(255), col35 CHAR(255),
col36 CHAR(255),col37 CHAR(255),col38 CHAR(255),col39 CHAR(255),col40  CHAR(255), col41 CHAR(255),
col42 CHAR(255),col43 CHAR(255),col44 CHAR(255),col45 CHAR(255),col46  CHAR(255), col47 CHAR(255),
col48 CHAR(255),col49 CHAR(255),col50 CHAR(255),col51 CHAR(255),col52  CHAR(255), col53 CHAR(255),
col54 CHAR(255),col55 CHAR(255),col56 CHAR(255),col57 CHAR(255),col58  CHAR(255), col59 CHAR(255),
col60 CHAR(255),col61 CHAR(255),col62 CHAR(255),col63 CHAR(255),col64  CHAR(255), col65  CHAR(255))
ENGINE = innodb ROW_FORMAT=DYNAMIC;
Warnings:
Warning	139	Row size too large (> 16318). Changing some columns to TEXT or BLOB may help. In current row format, BLOB prefix of 0 bytes is stored inline.
DROP TABLE tab5;
CREATE TABLE tab5(col1 CHAR (255), col2 CHAR (255), col3 CHAR(255),col4 CHAR(255), col5 CHAR(255),
col6   CHAR(255), col7 CHAR(255),  col8 CHAR(255), col9 CHAR(255),col10 CHAR(255), col11  CHAR(255),
col12 CHAR(255), col13 CHAR(255),col14 CHAR(255),col15 CHAR(255),col16  CHAR(255), col17 CHAR(255),
col18 CHAR(255),col19 CHAR(255),col20 CHAR(255),col21 CHAR(255),col22  CHAR(255), col23 CHAR(255),
col24 CHAR(255),col25 CHAR(255),col26 CHAR(255),col27 CHAR(255),col28  CHAR(255), col29 CHAR(255),
col30 CHAR(255),col31 CHAR(255),col32 CHAR(255),col33 CHAR(255),col34  CHAR(255), col35 CHAR(255),
col36 CHAR(255),col37 CHAR(255),col38 CHAR(255),col39 CHAR(255),col40  CHAR(255), col41 CHAR(255),
col42 CHAR(255),col43 CHAR(255),col44 CHAR(255),col45 CHAR(255),col46  CHAR(255), col47 CHAR(255),
col48 CHAR(255),col49 CHAR(255),col50 CHAR(255),col51 CHAR(255),col52  CHAR(255), col53 CHAR(255),
col54 CHAR(255),col55 CHAR(255),col56 CHAR(255),col57 CHAR(255),col58  CHAR(255), col59 CHAR(255),
col60 CHAR(255),col61 CHAR(255),col62 CHAR(255),col63 CHAR(255),col64  CHAR(255), col65  CHAR(255))
ENGINE = innodb ROW_FORMAT=COMPRESSED;
Warnings:
Warning	1478	InnoDB: Cannot create a COMPRESSED table when innodb_page_size > 16k. Assuming ROW_FORMAT=DYNAMIC.
Warning	139	Row size too large (> 16318). Changing some columns to TEXT or BLOB may help. In current row format, BLOB prefix of 0 bytes is stored inline.
DROP TABLE tab5;
# Stop DB server with page size 32k
# Check Server startup failure when page size 64K
# Restart the DB server with datadir1 with same 32k page size 
SELECT @@innodb_page_size;
@@innodb_page_size
32768
# Stop DB server which was created by page size 32k
# Run the bootstrap command with page size 64k
# Start the DB server with page size 64K
SELECT @@innodb_page_size;
@@innodb_page_size
65536
SET innodb_strict_mode=ON;
CREATE TABLE tab5(col1 CHAR (255), col2 CHAR (255), col3 CHAR(255),col4 CHAR(255), col5 CHAR(255),
col6   CHAR(255), col7 CHAR(255),  col8 CHAR(255), col9 CHAR(255),col10 CHAR(255), col11  CHAR(255),
col12 CHAR(255), col13 CHAR(255),col14 CHAR(255),col15 CHAR(255),col16  CHAR(255), col17 CHAR(255),
col18 CHAR(255),col19 CHAR(255),col20 CHAR(255),col21 CHAR(255),col22  CHAR(255), col23 CHAR(255),
col24 CHAR(255),col25 CHAR(255),col26 CHAR(255),col27 CHAR(255),col28  CHAR(255), col29 CHAR(255),
col30 CHAR(255),col31 CHAR(255),col32 CHAR(255),col33 CHAR(255),col34  CHAR(255), col35 CHAR(255),
col36 CHAR(255),col37 CHAR(255),col38 CHAR(255),col39 CHAR(255),col40  CHAR(255), col41 CHAR(255),
col42 CHAR(255),col43 CHAR(255),col44 CHAR(255),col45 CHAR(255),col46  CHAR(255), col47 CHAR(255),
col48 CHAR(255),col49 CHAR(255),col50 CHAR(255),col51 CHAR(255),col52  CHAR(255), col53 CHAR(255),
col54 CHAR(255),col55 CHAR(255),col56 CHAR(255),col57 CHAR(255),col58  CHAR(255), col59 CHAR(255),
col60 CHAR(255),col61 CHAR(255),col62 CHAR(255),col63 CHAR(255),col64  CHAR(255), col65  CHAR(255))
ENGINE = innodb ;
ERROR 42000: Row size too large (> 16383). Changing some columns to TEXT or BLOB may help. In current row format, BLOB prefix of 0 bytes is stored inline.
CREATE TABLE tab5(col1 CHAR (255), col2 CHAR (255), col3 CHAR(255),col4 CHAR(255), col5 CHAR(255),
col6   CHAR(255), col7 CHAR(255),  col8 CHAR(255), col9 CHAR(255),col10 CHAR(255), col11  CHAR(255),
col12 CHAR(255), col13 CHAR(255),col14 CHAR(255),col15 CHAR(255),col16  CHAR(255), col17 CHAR(255),
col18 CHAR(255),col19 CHAR(255),col20 CHAR(255),col21 CHAR(255),col22  CHAR(255), col23 CHAR(255),
col24 CHAR(255),col25 CHAR(255),col26 CHAR(255),col27 CHAR(255),col28  CHAR(255), col29 CHAR(255),
col30 CHAR(255),col31 CHAR(255),col32 CHAR(255),col33 CHAR(255),col34  CHAR(255), col35 CHAR(255),
col36 CHAR(255),col37 CHAR(255),col38 CHAR(255),col39 CHAR(255),col40  CHAR(255), col41 CHAR(255),
col42 CHAR(255),col43 CHAR(255),col44 CHAR(255),col45 CHAR(255),col46  CHAR(255), col47 CHAR(255),
col48 CHAR(255),col49 CHAR(255),col50 CHAR(255),col51 CHAR(255),col52  CHAR(255), col53 CHAR(255),
col54 CHAR(255),col55 CHAR(255),col56 CHAR(255),col57 CHAR(255),col58  CHAR(255), col59 CHAR(255),
col60 CHAR(255),col61 CHAR(255),col62 CHAR(255),col63 CHAR(255),col64  CHAR(255)) ENGINE = innodb ;
DROP TABLE tab5;
CREATE DATABASE mysql;
USE mysql;
CREATE TABLE `proc` (
`db` char(64) CHARACTER SET utf8 COLLATE utf8_bin NOT NULL DEFAULT '',
`name` char(64) NOT NULL DEFAULT '',
`type` enum('FUNCTION','PROCEDURE') NOT NULL,
`specific_name` char(64) NOT NULL DEFAULT '',
`language` enum('SQL') NOT NULL DEFAULT 'SQL',
`sql_data_access` enum('CONTAINS_SQL','NO_SQL','READS_SQL_DATA','MODIFIES_SQL_DATA') NOT NULL DEFAULT 'CONTAINS_SQL',
`is_deterministic` enum('YES','NO') NOT NULL DEFAULT 'NO',
`security_type` enum('INVOKER','DEFINER') NOT NULL DEFAULT 'DEFINER',
`param_list` blob NOT NULL,
`returns` longblob NOT NULL,
`body` longblob NOT NULL,
`definer` char(77) CHARACTER SET utf8 COLLATE utf8_bin NOT NULL DEFAULT '',
`created` timestamp NOT NULL DEFAULT CURRENT_TIMESTAMP ON UPDATE CURRENT_TIMESTAMP,
`modified` timestamp NOT NULL DEFAULT CURRENT_TIMESTAMP,
`sql_mode` set('REAL_AS_FLOAT','PIPES_AS_CONCAT','ANSI_QUOTES','IGNORE_SPACE','NOT_USED','ONLY_FULL_GROUP_BY','NO_UNSIGNED_SUBTRACTION','NO_DIR_IN_CREATE','POSTGRESQL','ORACLE','MSSQL','DB2','MAXDB','NO_KEY_OPTIONS','NO_TABLE_OPTIONS','NO_FIELD_OPTIONS','MYSQL323','MYSQL40','ANSI','NO_AUTO_VALUE_ON_ZERO','NO_BACKSLASH_ESCAPES','STRICT_TRANS_TABLES','STRICT_ALL_TABLES','NO_ZERO_IN_DATE','NO_ZERO_DATE','INVALID_DATES','ERROR_FOR_DIVISION_BY_ZERO','TRADITIONAL','NO_AUTO_CREATE_USER','HIGH_NOT_PRECEDENCE','NO_ENGINE_SUBSTITUTION','PAD_CHAR_TO_FULL_LENGTH') NOT NULL DEFAULT '',
`comment` text CHARACTER SET utf8 COLLATE utf8_bin NOT NULL,
`character_set_client` char(32) CHARACTER SET utf8 COLLATE utf8_bin DEFAULT NULL,
`collation_connection` char(32) CHARACTER SET utf8 COLLATE utf8_bin DEFAULT NULL,
`db_collation` char(32) CHARACTER SET utf8 COLLATE utf8_bin DEFAULT NULL,
`body_utf8` longblob,
PRIMARY KEY (`db`,`name`,`type`)
) ENGINE=MyISAM DEFAULT CHARSET=utf8 COMMENT='Stored Procedures';
CREATE DATABASE mtr;
USE mtr;
CREATE PROCEDURE mtr.check_warnings(OUT result INT)
BEGIN
SELECT 0 INTO RESULT;
END|
